<?xml version="1.0"?>
<file id="env_workflow.xml" version="2.0">
  <header>
      These variables may be changed anytime during a run, they
      control jobs that will be submitted and their dependancies.
    </header>
  <group id="case.run">
    <entry id="template" value="template.case.run">
      <type>char</type>
    </entry>
    <entry id="prereq" value="$BUILD_COMPLETE and not $TEST">
      <type>char</type>
    </entry>
    <entry id="CHARGE_ACCOUNT">
      <type>char</type>
      <desc>project to charge in scripts if different from PROJECT</desc>
    </entry>
    <entry id="PROJECT">
      <type>char</type>
      <desc>project for project-sensitive build and run paths, and job scripts</desc>
    </entry>
    <entry id="BATCH_COMMAND_FLAGS">
      <type>char</type>
      <valid_values/>
      <desc>Override the batch submit command this job. Do not include executable or dependencies</desc>
    </entry>
    <entry id="JOB_WALLCLOCK_TIME" value="01:00:00">
      <type>char</type>
      <valid_values/>
      <desc>The machine wallclock setting.  Default determined in
   config_machines.xml can be overwritten by testing.  Format is
   DD:HH:MM with DD assumed 0 if not present, this is translated to
   the format specified by walltime format defined in
   config_batch.xml</desc>
    </entry>
    <entry id="JOB_QUEUE" value="workq">
      <type>char</type>
      <valid_values/>
      <desc>The machine queue in which to submit the job.  Default determined in config_machines.xml can be overwritten by testing</desc>
    </entry>
    <entry id="USER_REQUESTED_WALLTIME">
      <type>char</type>
      <desc>Store user override for walltime</desc>
    </entry>
    <entry id="USER_REQUESTED_QUEUE">
      <type>char</type>
      <desc>Store user override for queue</desc>
    </entry>
  </group>
  <group id="case.st_archive">
    <entry id="template" value="template.st_archive">
      <type>char</type>
    </entry>
    <entry id="dependency" value="case.run or case.test">
      <type>char</type>
    </entry>
    <entry id="prereq" value="$DOUT_S">
      <type>char</type>
    </entry>
    <entry id="task_count" value="1">
      <type>char</type>
    </entry>
    <entry id="tasks_per_node" value="1">
      <type>char</type>
    </entry>
    <entry id="walltime" value="0:20:00">
      <type>char</type>
    </entry>
    <entry id="CHARGE_ACCOUNT">
      <type>char</type>
      <desc>project to charge in scripts if different from PROJECT</desc>
    </entry>
    <entry id="PROJECT">
      <type>char</type>
      <desc>project for project-sensitive build and run paths, and job scripts</desc>
    </entry>
    <entry id="BATCH_COMMAND_FLAGS">
      <type>char</type>
      <valid_values/>
      <desc>Override the batch submit command this job. Do not include executable or dependencies</desc>
    </entry>
    <entry id="JOB_WALLCLOCK_TIME" value="00:20:00">
      <type>char</type>
      <valid_values/>
      <desc>The machine wallclock setting.  Default determined in
   config_machines.xml can be overwritten by testing.  Format is
   DD:HH:MM with DD assumed 0 if not present, this is translated to
   the format specified by walltime format defined in
   config_batch.xml</desc>
    </entry>
    <entry id="JOB_QUEUE" value="workq">
      <type>char</type>
      <valid_values/>
      <desc>The machine queue in which to submit the job.  Default determined in config_machines.xml can be overwritten by testing</desc>
    </entry>
    <entry id="USER_REQUESTED_WALLTIME">
      <type>char</type>
      <desc>Store user override for walltime</desc>
    </entry>
    <entry id="USER_REQUESTED_QUEUE">
      <type>char</type>
      <desc>Store user override for queue</desc>
    </entry>
  </group>
</file>
