<?xml version="1.0"?>
<file id="env_mach_specific.xml" version="2.0">
  <header>
    These variables control the machine dependent environment including
    the paths to compilers and libraries external to cime such as netcdf,
    environment variables for use in the running job should also be set	here.
    </header>
  <group id="compliant_values">
    <entry id="run_exe" value="${EXEROOT}/cesm.exe ">
      <type>char</type>
      <desc>executable name</desc>
    </entry>
    <entry id="run_misc_suffix" value=" &gt;&gt; cesm.log.$LID 2&gt;&amp;1 ">
      <type>char</type>
      <desc>redirect for job output</desc>
    </entry>
  </group>
  <module_system type="none"/>
  <environment_variables>
    <env name="OMP_STACKSIZE">4096M</env>
  </environment_variables>
  <mpirun mpilib="default">
    <executable>mpirun</executable>
    <arguments>
      <arg name="num_tasks">-np {{ total_tasks }}</arg>
    </arguments>
  </mpirun>
</file>
