<?xml version="1.0"?>
<config_definition>
<commandline></commandline>
<entry id="comp_wav" value="ww" list="" valid_values="">wave component</entry>
<entry id="irf_mode" value="NK_precond" list="" valid_values="NK_precond,offline_transport">IRF tracer module mode</entry>
<entry id="irf_nt" value="0" list="" valid_values="">Number of IRF tracers</entry>
<entry id="marbl_nt" value="32" list="" valid_values="">Number of MARBL tracers</entry>
<entry id="ocn_bgc_config" value="latest" list="" valid_values="">Version of BGC tunings to use</entry>
<entry id="ocn_grid" value="gx1v7" list="" valid_values="">Ocean grid used for POP</entry>
<entry id="use_abio" value="FALSE" list="" valid_values="FALSE,TRUE">Use abio tracer module</entry>
<entry id="use_cfc" value="TRUE" list="" valid_values="FALSE,TRUE">Use cfc tracer module</entry>
<entry id="use_ecosys" value="TRUE" list="" valid_values="FALSE,TRUE">Use ecosys tracer module</entry>
<entry id="use_iage" value="TRUE" list="" valid_values="FALSE,TRUE">Use ideal age tracer module</entry>
<entry id="use_irf" value="FALSE" list="" valid_values="FALSE,TRUE">Use IRF tracer module</entry>
<entry id="use_sf6" value="TRUE" list="" valid_values="FALSE,TRUE">Use sf6 tracer module</entry>
</config_definition>
