<?xml version="1.0"?>
<file id="env_build.xml" version="2.0">
  <header>
    These variables SHOULD NOT be changed once the model has been built.
    urrently, these variables are not cached.
    Note1: users SHOULD NOT modify BUILD_COMPETE below
    this is done automatically by the scripts.
    </header>
  <group id="build_grid">
    <entry id="GRID" value="a%1.9x2.5_l%1.9x2.5_oi%gx1v7_r%r05_g%gland4_w%ww3a_z%null_m%gx1v7">
      <type>char</type>
      <desc>Model grid - DO NOT EDIT (for experts only)</desc>
    </entry>
    <entry id="ATM_GRID" value="1.9x2.5">
      <type>char</type>
      <desc>atmosphere grid - DO NOT EDIT (for experts only)</desc>
    </entry>
    <entry id="ATM_NX" value="144">
      <type>integer</type>
      <desc>number of atmosphere cells in i direction - DO NOT EDIT (for experts only)</desc>
    </entry>
    <entry id="ATM_NY" value="96">
      <type>integer</type>
      <desc>number of atmosphere cells in j direction - DO NOT EDIT (for experts only)</desc>
    </entry>
    <entry id="LND_GRID" value="1.9x2.5">
      <type>char</type>
      <desc>land grid - DO NOT EDIT (for experts only)</desc>
    </entry>
    <entry id="LND_NX" value="144">
      <type>integer</type>
      <desc>number of land cells in i direction - DO NOT EDIT (for experts only)</desc>
    </entry>
    <entry id="LND_NY" value="96">
      <type>integer</type>
      <desc>number of land cells in j direction - DO NOT EDIT (for experts only)</desc>
    </entry>
    <entry id="OCN_GRID" value="gx1v7">
      <type>char</type>
      <desc>ocn grid - DO NOT EDIT (for experts only)</desc>
    </entry>
    <entry id="OCN_NX" value="320">
      <type>integer</type>
      <desc>number of ocn cells in i direction - DO NOT EDIT (for experts only)</desc>
    </entry>
    <entry id="OCN_NY" value="384">
      <type>integer</type>
      <desc>number of ocn cells in j direction - DO NOT EDIT (for experts only)</desc>
    </entry>
    <entry id="ICE_GRID" value="gx1v7">
      <type>char</type>
      <desc>ice grid (must equal ocn grid) - DO NOT EDIT (for experts only)</desc>
    </entry>
    <entry id="ICE_NX" value="320">
      <type>integer</type>
      <desc>number of ice cells in i direction - DO NOT EDIT (for experts only)</desc>
    </entry>
    <entry id="ICE_NY" value="384">
      <type>integer</type>
      <desc>number of ice cells in j direction - DO NOT EDIT (for experts only)</desc>
    </entry>
    <entry id="ICE_NCAT" value="5">
      <type>integer</type>
      <desc>number of ice thickness categories - DO NOT EDIT (set by CICE configure)</desc>
    </entry>
    <entry id="ROF_GRID" value="r05">
      <type>char</type>
      <desc>river runoff (rof) grid</desc>
    </entry>
    <entry id="ROF_NX" value="720">
      <type>integer</type>
      <desc>number of rof cells in i direction - DO NOT EDIT (for experts only)</desc>
    </entry>
    <entry id="ROF_NY" value="360">
      <type>integer</type>
      <desc>number of rof cells in j direction - DO NOT EDIT (for experts only)</desc>
    </entry>
    <entry id="GLC_GRID" value="gland4">
      <type>char</type>
      <valid_values>gland20,gland10,gland5,gland5UM,gland4,mpas.aisgis20km,mpas.gis20km,mpas.ais20km,mpas.gis1to10km,null</valid_values>
      <desc>glacier (glc) grid - DO NOT EDIT (for experts only)</desc>
    </entry>
    <entry id="GLC_NX" value="416">
      <type>integer</type>
      <desc>number of glc cells in i direction - DO NOT EDIT (for experts only)</desc>
    </entry>
    <entry id="GLC_NY" value="704">
      <type>integer</type>
      <desc>number of glc cells in j direction - DO NOT EDIT (for experts only)</desc>
    </entry>
    <entry id="WAV_GRID" value="ww3a">
      <type>char</type>
      <desc>wave model (wav) grid</desc>
    </entry>
    <entry id="WAV_NX" value="90">
      <type>integer</type>
      <desc>number of wav cells in i direction - DO NOT EDIT (for experts only)</desc>
    </entry>
    <entry id="WAV_NY" value="50">
      <type>integer</type>
      <desc>number of wav cells in j direction - DO NOT EDIT (for experts only)</desc>
    </entry>
    <entry id="IAC_GRID" value="null">
      <type>char</type>
      <desc>iac model (iac) grid</desc>
    </entry>
    <entry id="IAC_NX" value="0">
      <type>integer</type>
      <desc>number of iac cells in i direction - DO NOT EDIT (for experts only)</desc>
    </entry>
    <entry id="IAC_NY" value="0">
      <type>integer</type>
      <desc>number of iac cells in j direction - DO NOT EDIT (for experts only)</desc>
    </entry>
    <entry id="MASK_GRID" value="gx1v7">
      <type>char</type>
      <desc>grid mask - DO NOT EDIT (for experts only)</desc>
    </entry>
  </group>
  <group id="build_derived">
    <entry id="PERL5LIB">
      <type>char</type>
      <desc>Perl 5 library directory</desc>
    </entry>
    <entry id="OBJROOT" value="$EXEROOT">
      <type>char</type>
      <valid_values/>
      <desc>case build directory (set automatically to $EXEROOT, - DO NOT EDIT)</desc>
    </entry>
    <entry id="LIBROOT" value="$EXEROOT/lib">
      <type>char</type>
      <valid_values/>
      <desc>case lib directory (set automatically to $EXEROOT/lib - DO NOT EDIT)</desc>
    </entry>
    <entry id="INCROOT" value="$EXEROOT/lib/include">
      <type>char</type>
      <valid_values/>
      <desc>case lib include directory (set automatically to $EXEROOT/lib/include - DO NOT EDIT)</desc>
    </entry>
    <entry id="SHAREDLIBROOT" value="$EXEROOT">
      <type>char</type>
      <valid_values/>
      <desc>Shared library root, (set automatically to $EXEROOT - DO NOT EDIT)</desc>
    </entry>
  </group>
  <group id="build_def">
    <entry id="CIME_OUTPUT_ROOT" value="/Workspace_II/shixm/CESM/my_cesm_sandbox/cesm_experiments">
      <type>char</type>
      <valid_values/>
      <desc>Output root directory for each machine.
		Base directory for build and run directories.
    </desc>
    </entry>
    <entry id="EXEROOT" value="$CIME_OUTPUT_ROOT/$CASE/bld">
      <type>char</type>
      <valid_values/>
      <desc>Case executable root directory.
    (executable is $EXEROOT/$MODEL.exe, component libraries are in $EXEROOT/lib)
    This is where the model builds its executable and by default runs the executable.
    Note that EXEROOT needs to have enough disk space for the experimental configuration
    requirements. As an example, a model run can produce more than a terabyte of
    data during a 100-year run, so you should set EXEROOT to scratch or
    tmp space and frequently back up the data to a long term archiving storage device
    For a supported machine, EXEROOT is set in $CIMEROOT/machines/config_machines.xml.
    For a userdefined machine, EXEROOT must explicitly be set it in env_build.xml.</desc>
    </entry>
    <entry id="CALENDAR" value="NO_LEAP">
      <type>char</type>
      <valid_values>NO_LEAP,GREGORIAN</valid_values>
      <desc>calendar type</desc>
    </entry>
    <entry id="COMP_INTERFACE" value="mct">
      <type>char</type>
      <valid_values>mct,nuopc,moab</valid_values>
      <desc>use MCT component interface</desc>
    </entry>
    <entry id="USE_ESMF_LIB" value="FALSE">
      <type>logical</type>
      <valid_values>TRUE,FALSE</valid_values>
      <desc>TRUE implies using the ESMF library specified by ESMF_LIBDIR or ESMFMKFILE</desc>
    </entry>
    <entry id="DEBUG" value="FALSE">
      <type>logical</type>
      <valid_values>TRUE,FALSE</valid_values>
      <desc>TRUE implies turning on run and compile time debugging
      Flag to turn on debugging for run time and compile time.
      If TRUE, compile-time debugging flags are activated that you can use to verify
      software robustness, such as bounds checking.
      Important:: On IBM machines, floating point trapping is not activated for production
      runs (i.e., non-DEBUG), due to performance penalties associated with turning on these flags.</desc>
    </entry>
    <entry id="FORCE_BUILD_SMP" value="FALSE">
      <type>logical</type>
      <valid_values>TRUE,FALSE</valid_values>
      <desc>TRUE implies always build model for openmp capability
      If FALSE, component libraries are built with OpenMP capability if
      the NTHREADS_ setting for any component is greater than 1 in env_mach_pes.xml.
      If TRUE, the component libraries are always built with OpenMP capability.</desc>
    </entry>
    <entry id="SMP_PRESENT" value="FALSE">
      <type>logical</type>
      <valid_values>TRUE,FALSE</valid_values>
      <desc>TRUE implies that at least one of the components is built threaded (DO NOT EDIT)</desc>
    </entry>
    <entry id="USE_PETSC" value="FALSE">
      <type>logical</type>
      <valid_values>TRUE,FALSE</valid_values>
      <desc>TRUE implies linking to the PETSc library - set
    automatically by XXX_USE_PETSC options (do not edit). Flag to turn
    on linking to the PETSc library. Currently this is used by
    CLM. This is currently only supported for certain machines.</desc>
    </entry>
    <entry id="USE_ALBANY" value="FALSE">
      <type>logical</type>
      <valid_values>TRUE,FALSE</valid_values>
      <desc>TRUE implies linking to the Albany library - set
    automatically by XXX_USE_ALBANY options (do not edit). Flag to
    turn on linking to the Albany library. Currently this is used by
    MALI. Note that Albany is a C++ library, so setting this
    variable to TRUE will involve the inclusion of C++ code in the
    MALI executable. This is currently only supported for certain
    machines.</desc>
    </entry>
    <entry id="USE_MOAB" value="FALSE">
      <type>logical</type>
      <valid_values>TRUE,FALSE</valid_values>
      <desc>TRUE implies linking to the MOAB library</desc>
    </entry>
    <entry id="USE_TRILINOS" value="FALSE">
      <type>logical</type>
      <valid_values>TRUE,FALSE</valid_values>
      <desc>TRUE implies linking to the trilinos library - set automatically by XXX_USE_TRILINOS options (do not edit)
      Flag to turn on linking to the trilinos library. Currently this is
      used by CISM. Note that trilinos is a C++ library, so setting this
      variable to TRUE will involve the inclusion of C++ code in the model
      executable. This is currently only supported for certain machines.</desc>
    </entry>
  </group>
  <group id="build_macros">
    <entry id="OS" value="Linux">
      <type>char</type>
      <valid_values/>
      <desc>Operating system - DO NOT EDIT UNLESS for userdefined machine - ignored once Macros has been created.</desc>
    </entry>
    <entry id="COMPILER" value="intel">
      <type>char</type>
      <valid_values/>
      <desc>Machine compiler (must match one the supported compilers)
    Set in $CIMEROOT/machines/config_machines.xml for each supported machine.
    Must be explicitly set in env_build.xml for userdefined machine.</desc>
    </entry>
    <entry id="MPILIB" value="mpich">
      <type>char</type>
      <valid_values/>
      <desc>mpi library (must match one of the supported libraries) -
    ignored once Macros has been created
    Set in $CIMEROOT/machines/config_machines.xml for each supported machine.
    Must be explicitly set in env_build.xml for userdefined machine.</desc>
    </entry>
    <entry id="PIO_VERSION" value="1">
      <type>integer</type>
      <valid_values>1,2</valid_values>
      <desc>PIO library version</desc>
    </entry>
    <entry id="PIO_CONFIG_OPTS">
      <type>char</type>
      <desc>PIO configure options, see PIO configure utility for details</desc>
    </entry>
  </group>
  <group id="build_status">
    <entry id="BUILD_COMPLETE" value="TRUE">
      <type>logical</type>
      <valid_values>TRUE,FALSE</valid_values>
      <desc>Status output: if TRUE, models have been built successfully. (DO NOT EDIT)&gt;</desc>
    </entry>
    <entry id="SMP_BUILD" value="0">
      <type>char</type>
      <valid_values/>
      <desc>Status: smp status of previous build, coded string. (DO NOT EDIT)</desc>
    </entry>
    <entry id="SMP_VALUE" value="c0a0l0i0o0r0g0w0i0e0">
      <type>char</type>
      <valid_values/>
      <desc>Status: smp status of current case, coded string (DO NOT EDIT)</desc>
    </entry>
    <entry id="NINST_BUILD" value="0">
      <type>char</type>
      <valid_values/>
      <desc>Status: ninst status of previous build, coded string. (DO NOT EDIT)&gt;</desc>
    </entry>
    <entry id="NINST_VALUE" value="c1a1l1i1o1r1g1w1i1e1">
      <type>char</type>
      <valid_values/>
      <desc>Status: ninst status of current case, coded string (DO NOT EDIT)</desc>
    </entry>
    <entry id="BUILD_STATUS" value="0">
      <type>integer</type>
      <valid_values>0,1,2</valid_values>
      <desc>Status: of prior build. (DO NOT EDIT)</desc>
    </entry>
  </group>
  <group id="build_component_clm">
    <entry id="CLM_USE_PETSC" value="FALSE">
      <type>logical</type>
      <valid_values>TRUE,FALSE</valid_values>
      <desc>TRUE implies CLM is built with support for the PETSc
      library. The Variably Saturated Flow Model (VSFM) solver in CLM
      uses the PETSc library. In order to use the VSFM solver, CLM
      must be built with PETSc support and linking to PETSc must occur
      when building the ACME executable. This occurs if this variable
      is set to TRUE. Note that is only available on a limited set of
      machines/compilers.</desc>
    </entry>
    <entry id="LILAC_MODE" value="off">
      <type>char</type>
      <valid_values>on,off</valid_values>
      <desc>Flag to enable building the LILAC cap and coupling code</desc>
    </entry>
  </group>
  <group id="comparison_to_nuopc">
    <entry id="COMPARE_TO_NUOPC" value="FALSE">
      <type>logical</type>
      <valid_values>TRUE,FALSE</valid_values>
      <desc>TRUE=&gt;turn on CPP variable COMPARE_TO_NUOPC</desc>
    </entry>
  </group>
  <group id="build_component_cam">
    <entry id="CAM_CPPDEFS" value="    -DPLON=144 -DPLAT=96 -DNUM_COMP_INST_ATM=1 -DNUM_COMP_INST_LND=1 -DNUM_COMP_INST_OCN=1 -DNUM_COMP_INST_ICE=1 -DNUM_COMP_INST_GLC=1 -DNUM_COMP_INST_ROF=1 -DNUM_COMP_INST_WAV=1 -DNUM_COMP_INST_IAC=1 -DNUM_COMP_INST_ESP=1 -DPLEV=32 -DPCNST=37 -DPCOLS=16 -DPSUBCOLS=1 -DN_RAD_CNST=30 -DPTRM=1 -DPTRN=1 -DPTRK=1 -DSPMD -DMODAL_AERO -DMODAL_AERO_4MODE  -DCLUBB_SGS -DCLUBB_CAM -DNO_LAPACK_ISNAN -DCLUBB_REAL_TYPE=dp">
      <type>char</type>
      <valid_values/>
      <desc>CAM cpp definitions (setup automatically - DO NOT EDIT)</desc>
    </entry>
    <entry id="CAM_DYCORE" value="fv">
      <type>char</type>
      <valid_values>eul,fv,fv3,se</valid_values>
      <desc>CAM dynamical core</desc>
    </entry>
    <entry id="CAM_CONFIG_OPTS" value="-phys cam6 -co2_cycle">
      <type>char</type>
      <valid_values/>
      <desc>
      CAM configure options, see CAM configure utility for details
      Provides option(s) for the CAM configure utility.
      CAM_CONFIG_OPTS are normally set as compset variables (e.g., -phys  cam4 -chem waccm_ma)
      and in general should not be modified for supported compsets.  It is recommended that if you want
      to modify this value for your experiment, you should use your own user-defined
      component sets via using create_newcase with a compset_file argument
    </desc>
    </entry>
  </group>
  <group id="build_component_cice">
    <entry id="CICE_MODE" value="prognostic">
      <type>char</type>
      <valid_values>prognostic,prescribed,thermo_only</valid_values>
      <desc>Option to the CICE configure utility for the -mode argument (default is prognostic)</desc>
    </entry>
    <entry id="CICE_CONFIG_OPTS" value=" -phys cice5 ">
      <type>char</type>
      <desc>CICE configure options, see CICE configure utility for details.
      Provides option(s) for the CLM configure utility.
      CICE_CONFIG_OPTS are normally set as compset variables (e.g., -ntr_aero 3)
      and in general should not be modified for supported compsets.
      It is recommended that if you want to modify this value for your experiment,
      you should use your own user-defined component sets via using create_newcase
      with a compset_file argument.
      This is an advanced flag and should only be used by expert users.
    </desc>
    </entry>
    <entry id="CICE_AUTO_DECOMP" value="true">
      <type>logical</type>
      <valid_values>true,false</valid_values>
      <desc>This is for experts only - if CICE_AUTO_DECOMP is set to false, then
      can manually set the values of CICE_BLCKX, CICE_BLCKY, CICE_MXBLCKS,
      CICE_DECOMPTYPE, and CICE_DECOMPSETTING".</desc>
    </entry>
    <entry id="CICE_BLCKX" value="10">
      <type>integer</type>
      <valid_values/>
      <desc>Size of cice block in first horiz dimension
      (DO NOT EDIT if CICE_AUTO_DECOMP is true).
      This is for experts only - automatically set if CICE_AUTO_DECOMP
      is true to set this value, must first set CICE_AUTO_DECOMP to false.</desc>
    </entry>
    <entry id="CICE_BLCKY" value="12">
      <type>integer</type>
      <valid_values/>
      <desc>Size of cice block in second horiz dimension
      (DO NOT EDIT if CICE_AUTO_DECOMP is true).
      This is for experts only - automatically set if CICE_AUTO_DECOMP is true,
      to set this value, must first set CICE_AUTO_DECOMP to false.</desc>
    </entry>
    <entry id="CICE_MXBLCKS" value="8">
      <type>integer</type>
      <valid_values/>
      <desc>Max number of cice blocks per processor (do not edit if CICE_AUTO_DECOMP is true)
      This is for experts only - automatically set if CICE_AUTO_DECOMP is true,
      to set this value, must first set CICE_AUTO_DECOMP to false.</desc>
    </entry>
    <entry id="CICE_DECOMPTYPE" value="sectrobin">
      <type>char</type>
      <valid_values>cartesian,rake,sectrobin,spacecurve,roundrobin,sectrobin,sectcart,null</valid_values>
      <desc>cice block distribution type (do not edit if CICE_AUTO_DECOMP is true)
      This is for experts only - automatically set if CICE_AUTO_DECOMP is true,
      to set this value, must first set CICE_AUTO_DECOMP to false.</desc>
    </entry>
    <entry id="CICE_DECOMPSETTING" value="square-ice">
      <type>char</type>
      <valid_values>slenderX1,slenderX2,square-ice,square-pop,blocks,null</valid_values>
      <desc>cice decomp setting for decomp type (do not edit if CICE_AUTO_DECOMP is true)
      This is for experts only - automatically set if CICE_AUTO_DECOMP is true,
      to set this value, must first set CICE_AUTO_DECOMP to false.</desc>
    </entry>
    <entry id="CICE_CPPDEFS" value=" -Dncdf -DNUMIN=11 -DNUMAX=99  -DNICECAT=5 -DNXGLOB=320 -DNYGLOB=384 -DNTRAERO=3 -DNTRISO=0 -DNBGCLYR=3 -DNICELYR=8 -DNSNWLYR=3 -DTRAGE=1 -DTRFY=1 -DTRLVL=1 -DTRPND=1 -DTRBRI=0 -DTRBGCS=0 -DBLCKX=10 -DBLCKY=12 -DMXBLCKS=8">
      <type>char</type>
      <valid_values/>
      <desc>CICE cpp definitions (setup automatically - DO NOT EDIT)</desc>
    </entry>
  </group>
  <group id="build_component_pop">
    <entry id="OCN_TRACER_MODULES" value="iage cfc sf6 ecosys">
      <type>char</type>
      <valid_values/>
      <desc>Optional ocean tracers.  Valid values are Any combination of: iage cfc sf6 IRF ecosys abio_dic_dic14</desc>
    </entry>
    <entry id="OCN_TRACER_MODULES_OPT">
      <type>char</type>
      <valid_values/>
      <desc>Optional ocean tracers option (keyword=value pairs)</desc>
    </entry>
    <entry id="POP_TAVG_R8" value="FALSE">
      <type>logical</type>
      <valid_values>TRUE,FALSE</valid_values>
      <desc>If TRUE then time-averaged history files from POP will contain double precision output</desc>
    </entry>
    <entry id="POP_AUTO_DECOMP" value="TRUE">
      <type>logical</type>
      <valid_values>TRUE,FALSE</valid_values>
      <desc>if FALSE, user must set the POP decomp, otherwise cesm_setup script sets it</desc>
    </entry>
    <entry id="POP_BLCKX" value="40">
      <type>integer</type>
      <valid_values/>
      <desc>Size of pop block in first horiz dimension (do not edit if POP_AUTO_DECOMP is TRUE)</desc>
    </entry>
    <entry id="POP_BLCKY" value="24">
      <type>integer</type>
      <valid_values/>
      <desc>Size of pop block in second horiz dimension (do not edit if POP_AUTO_DECOMP is TRUE)</desc>
    </entry>
    <entry id="POP_NX_BLOCKS" value="8">
      <type>integer</type>
      <valid_values/>
      <desc>Number of pop blocks in first horiz dimension (do not edit if POP_AUTO_DECOMP is TRUE)</desc>
    </entry>
    <entry id="POP_NY_BLOCKS" value="16">
      <type>integer</type>
      <valid_values/>
      <desc>Number of pop blocks in second horiz dimension (do not edit if POP_AUTO_DECOMP is TRUE)</desc>
    </entry>
    <entry id="POP_MXBLCKS" value="1">
      <type>integer</type>
      <valid_values/>
      <desc>Max number of pop blocks per processor (do not edit if POP_AUTO_DECOMP is TRUE</desc>
    </entry>
    <entry id="POP_DECOMPTYPE" value="cartesian">
      <type>char</type>
      <valid_values/>
      <desc>pop block distribution type (do not edit if POP_AUTO_DECOMP is TRUE)</desc>
    </entry>
    <entry id="POP_CPPDEFS" value="-DCCSMCOUPLED -DMARBL_TIMING_OPT=CIME -DBLCKX=40 -DBLCKY=24 -DMXBLCKS=1 -DNT=38 -DMARBL_NT=32 -DIRF_NT=0 ">
      <type>char</type>
      <valid_values/>
      <desc>POP cpp definitions (for diagnostic use only, setup automatically, overwritten by configure_pop.py - DO NOT EDIT)</desc>
    </entry>
    <entry id="MARBL_NT" value="32">
      <type>integer</type>
      <valid_values/>
      <desc>pop marbl tracer count (this is runtime configurable in marbl but not in pop - do not edit)</desc>
    </entry>
  </group>
  <group id="build_pop">
    <entry id="OCN_COUPLING" value="full">
      <type>char</type>
      <valid_values>full,partial</valid_values>
      <desc>Determine surface freshwater and heat forcing settings.
      The full option yields settings that are appropriate for coupling to an
      active atmospheric model (e.g., a B-type compset). The partial option yields
      settings that are appropriate for coupling to a data atmospheric model
      (e.g., a C or G-type compset). The create_newcase command selects the
      appropriate setting for this variable based on the specified compset.
      Users should NOT EDIT this setting.</desc>
    </entry>
  </group>
  <group id="build_component_mosart">
    <entry id="MOSART_MODE" value="ACTIVE">
      <type>char</type>
      <valid_values>ACTIVE,NULL</valid_values>
      <desc>mode for mosart model, NULL means mosart is turned off</desc>
    </entry>
    <entry id="MOSART_FLOOD_MODE" value="NULL">
      <type>char</type>
      <valid_values>ACTIVE,NULL</valid_values>
      <desc>mode for mosart flood feature, NULL means mosart flood is turned off</desc>
    </entry>
  </group>
  <group id="build_component_cism">
    <entry id="CISM_USE_TRILINOS" value="FALSE">
      <type>logical</type>
      <valid_values>TRUE,FALSE</valid_values>
      <desc>TRUE implies CISM is built with support for the trilinos library
      When using the higher-order dynamical cores in CISM, one option is to
      use the trilinos solver library for sparse matrix solves. In order to
      exercise that option, you need to build CISM with trilinos support, and
      link to the trilinos libraries when building the CESM executable. Setting
      this variable to TRUE accomplishes these things. Note that you can set
      this to TRUE and still choose not to use the trilinos solvers for the
      sparse matrix solves. Also, note that trilinos is only available on a
      limited set of machines; this must remain FALSE to run CISM on a
      machine that does not have trilinos, or for which the CESM scripts are
      not aware of the existence of trilinos.</desc>
    </entry>
  </group>
</file>
